{"files":{"application-be8d7521008b234c63acfe34cca47660cc659855fabbe176d6dc93da5b8be0b3.js":{"logical_path":"application.js","mtime":"2017-05-31T16:02:53-05:00","size":371815,"digest":"be8d7521008b234c63acfe34cca47660cc659855fabbe176d6dc93da5b8be0b3","integrity":"sha256-vo11IQCLI0xjrP40zKR2YMxlmFX6u+F21tyT2luL4LM="},"application-af04b226fd7202dfc532ce7aedb95a0128277937e90d3b3a3d35e1cce9e16886.css":{"logical_path":"application.css","mtime":"2017-05-25T11:15:08-05:00","size":703,"digest":"af04b226fd7202dfc532ce7aedb95a0128277937e90d3b3a3d35e1cce9e16886","integrity":"sha256-rwSyJv1yAt/FMs567blaASgneTfpDTs6PTXhzOnhaIY="}},"assets":{"application.js":"application-be8d7521008b234c63acfe34cca47660cc659855fabbe176d6dc93da5b8be0b3.js","application.css":"application-af04b226fd7202dfc532ce7aedb95a0128277937e90d3b3a3d35e1cce9e16886.css"}}